{
    "TotalTime": 62.556,
    "Path": [
        [
            0,
            0
        ],
        [
            58.14106665586401,
            41.88993073820505
        ],
        [
            22.58205758836013,
            -61.11932715209133
        ],
        [
            -30.235720144820306,
            57.11118514185476
        ],
        [
            -66.32610346090719,
            37.36327781612643
        ],
        [
            -16.25711568215374,
            -78.07398536575774
        ],
        [
            79.37140103819571,
            58.399985591245574
        ],
        [
            -21.613054161237763,
            42.71206263250121
        ],
        [
            33.96745318166181,
            26.060085764583746
        ],
        [
            11.076855059392479,
            -29.428884788611427
        ]
    ]
}