{
  "TotalTime": 86.76778786059467,
  "Path": [
    [
      -120,
      0
    ],
    [
      -95.65501607174247,
      40.52621865329423
    ],
    [
      -109.65958203932314,
      51.54303307276427
    ],
    [
      -112.08250395762568,
      66.38344106117479
    ],
    [
      -61.31330087901955,
      123.75898633969001
    ],
    [
      -39.11815377858124,
      94.358489317977
    ],
    [
      -97.67687561137359,
      83.51253658919488
    ],
    [
      -128.51812072341448,
      32.91445091204947
    ],
    [
      -75.52333452195538,
      39.53013350137456
    ],
    [
      -37.888609651168444,
      38.70562665631155
    ],
    [
      -51.091007964879594,
      86.03157542162413
    ],
    [
      -26.245354480717065,
      103.71326872946345
    ],
    [
      -29.402895652678907,
      87.43496802261922
    ],
    [
      -49.4468899700754,
      35.71218532060872
    ],
    [
      -55.098915844271744,
      28.505297577385097
    ],
    [
      -100.001,
      20.001
    ],
    [
      -117.1362134499944,
      0.1256905234410155
    ],
    [
      -100.001,
      -20.001
    ],
    [
      -88.55495624079538,
      -32.97959242686239
    ],
    [
      -107.86897422882228,
      -81.20334835977572
    ],
    [
      -114.58433678573668,
      -55.38336848626908
    ],
    [
      -78.81865624008199,
      -40.18971987598987
    ],
    [
      -36.05159170924827,
      -43.657954345751584
    ],
    [
      -29.565629898417683,
      -37.044739852255034
    ],
    [
      -37.87728125187727,
      -68.91212302015981
    ],
    [
      -32.02744123690919,
      -86.34804415048802
    ],
    [
      -22.756392201866944,
      -124.30602538616583
    ],
    [
      -9.292008985354967,
      -133.2688624845271
    ],
    [
      18.936379436687314,
      -106.04391998152802
    ],
    [
      6.460293857151551,
      -116.17598522877717
    ],
    [
      51.8737721313538,
      -116.43835051993202
    ],
    [
      27.083010250325465,
      -51.213741524209084
    ],
    [
      50.07023154718908,
      -36.73178048226983
    ],
    [
      114.03310435439974,
      -44.21506520873561
    ],
    [
      114.0616252332906,
      74.16525765999731
    ],
    [
      78.58332686654646,
      95.86415591407751
    ],
    [
      38.226108677379834,
      100.2191257820815
    ],
    [
      34.79803011954028,
      26.505351625754223
    ],
    [
      100.50015723726901,
      32.48875053340101
    ],
    [
      96.75504836328726,
      50.36014116824004
    ],
    [
      46.46629462109906,
      37.44841458151282
    ],
    [
      30.763572799608657,
      49.89017528761198
    ],
    [
      25.643873797764243,
      69.71803685458272
    ],
    [
      49.999,
      80.001
    ],
    [
      93.73327639687132,
      96.57371156854316
    ],
    [
      89.6719410267304,
      78.1964981834162
    ],
    [
      121.57764307084814,
      40.7278951907437
    ],
    [
      83.37143525616212,
      38.96668288066717
    ],
    [
      128.5540065629024,
      30.422437993268463
    ],
    [
      90.42357936426234,
      -62.3074239640926
    ],
    [
      119.00725908525634,
      -72.98125198624696
    ],
    [
      -3.212095866441789,
      -121.83108191391509
    ],
    [
      20.001,
      -100.001
    ],
    [
      25.369422313141715,
      -84.67512585979529
    ],
    [
      35.036787476661914,
      -62.75055203481789
    ]
  ]
}