{
    "TotalTime": 77.06327041477996,
    "Path": [
        [
            0,
            0
        ],
        [
            -62.897970497163044,
            -12.462665811163552
        ],
        [
            -100.5848621386538,
            -44.2284790551464
        ],
        [
            -108.0442377720005,
            -55.642919461187084
        ],
        [
            -132.24078085554092,
            -28.795696059950014
        ],
        [
            -101.91763227589949,
            29.321033206210007
        ],
        [
            -115.64561214428875,
            62.10394025457073
        ],
        [
            -61.83218770061198,
            27.441031019263367
        ],
        [
            -37.7836387829588,
            -20.36694405484867
        ],
        [
            -40.049203151462876,
            -31.426713965244197
        ],
        [
            1.4441353259239662,
            -43.76329726277582
        ],
        [
            -15.696253326778633,
            -77.87651637640387
        ],
        [
            31.248114418047084,
            -96.44355055421077
        ],
        [
            53.81675663373835,
            -84.20906538576992
        ],
        [
            78.78482915603637,
            -94.69953254916939
        ],
        [
            87.56335634484654,
            -70.5858450767569
        ],
        [
            66.5570678893004,
            -43.40553113285476
        ],
        [
            89.07875570525594,
            7.096342249134734
        ],
        [
            127.90162483478836,
            33.060770664170526
        ],
        [
            100.18937070167576,
            -35.3169768265416
        ],
        [
            63.12002469897928,
            -105.62344301360372
        ],
        [
            -0.3978974471708536,
            -64.90112368900579
        ],
        [
            -38.798218660730676,
            -62.44772718212991
        ],
        [
            -42.459412515010115,
            -69.77834347700525
        ],
        [
            -11.668452064447782,
            -131.94186396258877
        ],
        [
            17.222970630142406,
            -97.6257136468995
        ],
        [
            39.629094649408074,
            -43.90999053929214
        ],
        [
            14.905907136496495,
            -40.16090655868743
        ],
        [
            -20.177583686485058,
            -33.56439175576324
        ],
        [
            -32.46602470842439,
            5.443445478376674
        ],
        [
            -117.98882390315055,
            41.71506846342135
        ],
        [
            -127.6467002251493,
            28.503801853585728
        ],
        [
            -93.00686152871357,
            -6.540603173623989
        ],
        [
            -26.184162168134595,
            -46.84048947271112
        ],
        [
            33.87956208249028,
            -31.959551677543796
        ],
        [
            12.305745308421725,
            -3.8281297610500236
        ],
        [
            33.094659203908975,
            44.11912423830964
        ],
        [
            5.147941419297858,
            114.50322093121268
        ],
        [
            -19.791421911717553,
            114.19877241598569
        ],
        [
            20.896661228583113,
            105.36991553459525
        ],
        [
            9.578654874822073,
            98.00219872495322
        ],
        [
            -39.12252953139171,
            124.07662158631119
        ],
        [
            -36.71289239039661,
            75.2401766123784
        ],
        [
            4.5152800732288005,
            66.721781029952
        ],
        [
            -16.770036600783474,
            31.744112772535804
        ],
        [
            -27.858665219195256,
            50.01659622989303
        ],
        [
            -9.675722596373708,
            66.67729011792395
        ],
        [
            21.183865093129583,
            129.64561474378598
        ],
        [
            41.44288345758236,
            123.1359347397279
        ],
        [
            91.55213941469394,
            87.45579536926977
        ],
        [
            107.77782546430075,
            59.76179181076303
        ]
    ]
}