{
  "TotalTime": 28.082440582997826,
  "Path": [
    [
      -100,
      0
    ],
    [
      -76.52834596894981,
      23.80376543350473
    ],
    [
      -87.68593675513137,
      -60.385252709464
    ],
    [
      -105.59013220930429,
      -37.42213279645388
    ],
    [
      -11.833095692868277,
      -82.19199232055738
    ],
    [
      30.736999214239727,
      -129.9039508487231
    ],
    [
      39.999,
      -59.999
    ],
    [
      79.10467406900803,
      7.869468585924789
    ],
    [
      124.5331462570575,
      40.96431930664091
    ],
    [
      132.43607087581555,
      -10.400083882148323
    ],
    [
      83.09262903239495,
      68.67545667379807
    ],
    [
      11.702775579925904,
      109.13649781112522
    ]
  ]
}