{
    "TotalTime": 40.847,
    "Path": [
        [
            0,
            0
        ],
        [
            1.7468607059482224,
            -21.735297343182914
        ],
        [
            -6.913961299529994,
            -44.246694298332315
        ],
        [
            17.524761861777847,
            -54.67040199201896
        ],
        [
            50.571577620587874,
            25.454564730427634
        ],
        [
            71.66617457999995,
            29.170479160895667
        ],
        [
            41.719786622816656,
            79.83954667934967
        ],
        [
            -35.179171300864525,
            45.70602963767478
        ],
        [
            -56.262085936360144,
            74.87285538443261
        ],
        [
            -71.42770457347623,
            28.377819171530376
        ]
    ]
}