{
    "TotalTime": 109.56271064309966,
    "Path": [
        [
            0,
            0
        ],
        [
            -29.529737429803482,
            -48.35993689298804
        ],
        [
            45.08838478157834,
            24.01138698111629
        ],
        [
            38.910359243339954,
            52.51312463619776
        ],
        [
            -97.48696335575855,
            46.4342791264399
        ],
        [
            -77.72181888283625,
            58.83315993203926
        ],
        [
            -42.13179472952233,
            90.59064601125901
        ],
        [
            -36.82066701687485,
            -93.44132756040996
        ],
        [
            82.81034854352973,
            42.819938315753625
        ],
        [
            -98.81937148034795,
            27.461022094706877
        ],
        [
            20.172430268114113,
            51.233740607025055
        ],
        [
            34.321466536441136,
            -25.14125700441413
        ],
        [
            -67.11181791602095,
            89.10693986956827
        ],
        [
            -47.723560938736675,
            71.69438010359875
        ],
        [
            24.678663360583954,
            78.85897430312347
        ],
        [
            33.550970466566014,
            -57.50990917835669
        ],
        [
            0.6262797594734761,
            -31.89259637247028
        ],
        [
            89.17203152241724,
            92.1954292408439
        ],
        [
            58.93371293234637,
            35.19182938141097
        ],
        [
            5.218153907527154,
            -74.69041232186183
        ],
        [
            -92.45393628064943,
            72.71861996117305
        ],
        [
            -34.56313092993942,
            -31.05446384238965
        ]
    ]
}