{
    "TotalTime": 86.14207131935902,
    "Path": [
        [
            0,
            0
        ],
        [
            6.447178699096625,
            -21.315954169353034
        ],
        [
            14.361449468821093,
            -32.507106938233534
        ],
        [
            33.661668497443216,
            -50.14756720428727
        ],
        [
            31.960378632895967,
            -84.79369803981632
        ],
        [
            7.725700399019572,
            -72.34503106561598
        ],
        [
            -15.690004058531697,
            -83.18538520938864
        ],
        [
            -24.237189671861252,
            -65.49620803000104
        ],
        [
            -5.115398763602215,
            -58.40637211467317
        ],
        [
            -9.668377830196661,
            -40.149235187288795
        ],
        [
            -37.79195719042913,
            -29.836927073955184
        ],
        [
            -25.45951684511381,
            28.28692015345692
        ],
        [
            -59.567275352161026,
            40.08970016559153
        ],
        [
            -72.0792932028388,
            25.503305124801543
        ],
        [
            -87.56416721800076,
            42.54050171663154
        ],
        [
            -77.20100870266747,
            55.05476584061679
        ],
        [
            -95.93608850699755,
            70.74275578473554
        ],
        [
            -75.79862856168882,
            98.70826482011859
        ],
        [
            -72.56957697653931,
            74.99977030410645
        ],
        [
            -50.30725956055257,
            65.03949165111568
        ],
        [
            -24.39592487626888,
            75.28156990047012
        ],
        [
            22.88225104486645,
            49.53727876097534
        ],
        [
            38.93898657834869,
            33.00014136803509
        ],
        [
            54.38293703046174,
            23.34630865350863
        ],
        [
            81.86613099522887,
            48.09169032662018
        ],
        [
            93.4761520983596,
            47.97267395567349
        ],
        [
            97.90696181098312,
            79.95820889148314
        ],
        [
            94.64704084165233,
            97.77570120138083
        ],
        [
            73.59257034305574,
            78.80460310623008
        ],
        [
            48.62473858003409,
            74.56533506484612
        ],
        [
            32.7358274384585,
            76.10225505119301
        ]
    ]
}