{
    "TotalTime": 16.2,
    "Path": [
        [
            0,
            0
        ],
        [
            135.0,
            0.0
        ],
        [
            67.50000000000001,
            116.9134295108992
        ],
        [
            -67.49999999999997,
            116.91342951089922
        ],
        [
            -135.0,
            1.687538997430238e-14
        ],
        [
            -67.50000000000006,
            -116.91342951089919
        ],
        [
            67.50000000000001,
            -116.9134295108992
        ]
    ]
}