{
    "TotalTime": 143.37261968515236,
    "Path": [
        [
            0,
            0
        ],
        [
            -9.469038034443892,
            -9.76614417995433
        ],
        [
            3.695927489508302,
            -55.94135754828437
        ],
        [
            -21.84435176530479,
            -48.898783705501664
        ],
        [
            -59.789222681949425,
            -68.16553037707409
        ],
        [
            -87.23369492477222,
            -77.5444901307621
        ],
        [
            -92.31117055726348,
            -19.796595748952743
        ],
        [
            -133.2663445978358,
            25.412894133480144
        ],
        [
            -128.3994285404517,
            54.71775066886724
        ],
        [
            -79.34022479617799,
            74.15158725793479
        ],
        [
            -37.49782195649775,
            39.425965518910786
        ],
        [
            -43.904106065138414,
            7.527184385683777
        ],
        [
            -36.91812878659533,
            -9.4744057678892
        ],
        [
            -32.10898080378674,
            -55.75510925939997
        ],
        [
            -43.300683409821715,
            -84.20428086705623
        ],
        [
            -15.827495152485056,
            -64.74656392324202
        ],
        [
            -1.9753476572548232,
            -44.132526541934126
        ],
        [
            33.13054789584163,
            -42.15487575911717
        ],
        [
            7.96114292137991,
            -19.69348781440088
        ],
        [
            -0.6623582215134532,
            2.321411089901199
        ],
        [
            19.515805424865118,
            32.784874768561764
        ],
        [
            43.34453876091781,
            3.7333189561355926
        ],
        [
            73.9752793797789,
            29.41278205111875
        ],
        [
            42.819697495332655,
            64.33120637992538
        ],
        [
            52.67304951930692,
            74.55249094973641
        ],
        [
            13.459463084400316,
            153.85937044453087
        ],
        [
            34.69777906111083,
            90.17787125963406
        ],
        [
            26.1786843303945,
            67.42395230282979
        ],
        [
            17.699153228091117,
            55.41244679279005
        ],
        [
            48.71121179098949,
            26.905027487295147
        ],
        [
            53.23100229160753,
            -3.8819155223162927
        ],
        [
            17.257342351362908,
            -3.81723715889403
        ],
        [
            -17.530547989954243,
            -29.205290298954154
        ],
        [
            -34.375706464080004,
            -40.79028382561041
        ],
        [
            -39.22703295071068,
            -69.46884762012435
        ],
        [
            -93.60854929773738,
            -59.232340672408895
        ],
        [
            -56.03429938174453,
            -50.961205659839024
        ],
        [
            -60.93906596712554,
            -32.03120288707594
        ],
        [
            -120.84803668855452,
            31.23955451356971
        ],
        [
            -62.158077170101954,
            116.49852625279425
        ],
        [
            -10.312314322398093,
            108.92648474518965
        ],
        [
            9.117765307783584,
            81.13126549479404
        ],
        [
            -5.011468938375954,
            55.01264598970114
        ],
        [
            -2.0454666048381105,
            20.757980691076
        ],
        [
            35.58515659433822,
            27.459667569487895
        ],
        [
            39.309044200910364,
            50.44219587574431
        ],
        [
            79.53933950995393,
            58.17692448682114
        ],
        [
            83.40624601922941,
            13.6752793813315
        ],
        [
            120.85708098416299,
            -14.670545002301788
        ],
        [
            75.46192332370077,
            -41.72193038023679
        ],
        [
            71.47972416195805,
            -81.16971649012456
        ],
        [
            95.5770207899142,
            -66.78321271081312
        ],
        [
            115.36785865053338,
            -72.58887732374593
        ],
        [
            129.42027575762532,
            -26.899974188121526
        ],
        [
            82.92505191605284,
            -10.205677280802295
        ],
        [
            107.98834171374847,
            22.975756038332747
        ],
        [
            101.53391603765928,
            -54.832075929436684
        ],
        [
            40.723764485933,
            -114.84927511925727
        ],
        [
            60.879482676049875,
            -57.09241754802929
        ],
        [
            60.409859914232776,
            -72.54201037588821
        ],
        [
            29.814096997043308,
            -57.85178512287471
        ],
        [
            1.5666079471763261,
            -89.28800926707326
        ],
        [
            -45.22524981945918,
            -97.4643525448099
        ],
        [
            -79.46905572430548,
            -106.13378612282247
        ],
        [
            -58.07039029582099,
            -79.12907135186525
        ],
        [
            -47.95624509973101,
            -33.089795276379064
        ],
        [
            -57.60695995692366,
            1.6404546537006672
        ],
        [
            -29.09932974894289,
            17.945020800017666
        ],
        [
            -24.429336953091877,
            -3.358926260084707
        ],
        [
            -0.18581141146262414,
            12.326970647818582
        ],
        [
            11.434387504418007,
            22.4654453440997
        ],
        [
            2.20966685736924,
            -8.051621527228258
        ],
        [
            17.09001876617361,
            -26.411036163414302
        ],
        [
            6.637355863840059,
            -80.40107597231776
        ],
        [
            26.89429826189141,
            -84.00289806678991
        ],
        [
            76.47884829493591,
            -67.07260055383327
        ],
        [
            119.76468270619546,
            -22.880032598636234
        ],
        [
            126.86965429717533,
            12.272333472313585
        ],
        [
            90.95041950907657,
            79.26111252906446
        ],
        [
            69.3896791037036,
            70.78389566569827
        ],
        [
            35.5941566355704,
            146.65918548293686
        ],
        [
            -33.948790442568274,
            126.08083732071964
        ],
        [
            -22.29695016477449,
            93.18551631724085
        ],
        [
            -14.284811440279773,
            48.18129333635146
        ],
        [
            20.799815050542527,
            18.28561029758776
        ],
        [
            32.333486979993296,
            18.090937612033386
        ],
        [
            46.582395402199765,
            -10.259574807757701
        ],
        [
            11.171113469399204,
            -46.25260824149311
        ],
        [
            -14.352853885705098,
            -36.438779980260676
        ],
        [
            -32.73761612287847,
            -20.656924925603136
        ],
        [
            -53.51468431715713,
            -19.33342816702824
        ],
