{
    "TotalTime": 28.061,
    "Path": [
        [
            0,
            0
        ],
        [
            21.61661592893795,
            33.20641200598013
        ],
        [
            30.795504877976512,
            13.103214375422795
        ],
        [
            45.977183498945195,
            -70.79604261225766
        ],
        [
            48.79414169455282,
            -4.513013613185665
        ],
        [
            89.09477280747694,
            34.54784639651886
        ],
        [
            69.0596777259426,
            60.5394663245725
        ],
        [
            84.14560953799351,
            -29.19474387437754
        ],
        [
            113.73553389585712,
            -60.2801921476206
        ],
        [
            40.71200777486159,
            -29.730098550800882
        ],
        [
            4.147861845532188,
            -125.33470508686256
        ],
        [
            -18.45847457888245,
            -95.71890377020418
        ],
        [
            -55.84737660300496,
            -44.22253621295201
        ],
        [
            -18.857913821558643,
            19.117076856426834
        ],
        [
            -77.506602289547,
            57.06509910824646
        ],
        [
            -129.24994682784566,
            -26.941035214708876
        ],
        [
            -102.74510580363582,
            -4.962886447702017
        ],
        [
            -80.65039065286021,
            5.783843925063873
        ],
        [
            1.8530602972318997,
            32.27290574484173
        ],
        [
            -1.2060452290147474,
            -10.563577237532177
        ],
        [
            11.818907715735884,
            -100.6771414457646
        ]
    ]
}